"Date","Caller","Duration in seconds"
"2021-11-16","Rokhsana Yeasmin",0
"2021-11-15","Rokhsana Yeasmin",8
"2021-11-07","Rokhsana Yeasmin",187
"2021-10-23","Rokhsana Yeasmin",0
"2021-08-29","Rokhsana Yeasmin",0
"2021-08-23","Rokhsana Yeasmin",342
"2021-08-22","Rokhsana Yeasmin",0
"2021-05-19","Rokhsana Yeasmin",168
"2020-12-02","Rokhsana Yeasmin",7
"2020-11-27","Rokhsana Yeasmin",0
"2020-11-26","Rokhsana Yeasmin",0
"2020-10-16","Rokhsana Yeasmin",561
"2020-10-14","Rokhsana Yeasmin",213
"2020-10-11","Rokhsana Yeasmin",1513
"2020-10-07","Rokhsana Yeasmin",0
"2020-10-02","Rokhsana Yeasmin",0
"2020-09-29","Rokhsana Yeasmin",800
"2020-09-25","Rokhsana Yeasmin",0
"2020-09-23","Rokhsana Yeasmin",594
"2020-06-10","Rokhsana Yeasmin",15
"2020-05-28","Rokhsana Yeasmin",754
"2020-05-15","Rokhsana Yeasmin",180
"2020-05-03","Rokhsana Yeasmin",0
"2020-03-28","Rokhsana Yeasmin",0
"2020-03-13","Rokhsana Yeasmin",281
"2020-03-05","Rokhsana Yeasmin",40
"2020-03-04","Rokhsana Yeasmin",708
"2020-02-23","Rokhsana Yeasmin",27
"2020-02-17","Rokhsana Yeasmin",55
"2020-02-02","Rokhsana Yeasmin",43
"2020-02-01","Rokhsana Yeasmin",60
"2020-01-27","Rokhsana Yeasmin",63
"2019-12-20","Rokhsana Yeasmin",0
"2019-11-28","Rokhsana Yeasmin",24
"2019-11-24","Rokhsana Yeasmin",157
"2019-11-13","Rokhsana Yeasmin",0
"2019-09-22","Rokhsana Yeasmin",0
"2019-09-14","Rokhsana Yeasmin",0
"2019-09-12","Rokhsana Yeasmin",82
"2019-09-11","Rokhsana Yeasmin",760
"2019-08-15","Rokhsana Yeasmin",38
"2019-05-05","Rokhsana Yeasmin",0
"2019-05-02","Rokhsana Yeasmin",0
"2019-04-24","Rokhsana Yeasmin",0
"2019-04-23","Rokhsana Yeasmin",34
"2019-04-22","Rokhsana Yeasmin",0
"2019-04-07","Rokhsana Yeasmin",0
"2019-04-03","Rokhsana Yeasmin",0
"2019-03-27","Rokhsana Yeasmin",0
"2019-03-14","Rokhsana Yeasmin",0
"2019-03-09","Rokhsana Yeasmin",0
"2019-02-22","Rokhsana Yeasmin",81
"2019-02-19","Rokhsana Yeasmin",55
"2019-02-16","Rokhsana Yeasmin",313
"2019-01-27","Rokhsana Yeasmin",59
"2019-01-22","Rokhsana Yeasmin",154
"2019-01-15","Rokhsana Yeasmin",0
"2019-01-14","Rokhsana Yeasmin",0
"2019-01-12","Rokhsana Yeasmin",0
"2019-01-10","Rokhsana Yeasmin",302
"2019-01-08","Rokhsana Yeasmin",49
"2019-01-07","Rokhsana Yeasmin",246
"2019-01-04","Rokhsana Yeasmin",0
"2018-12-20","Rokhsana Yeasmin",0
"2018-12-16","Rokhsana Yeasmin",153
"2018-12-15","Rokhsana Yeasmin",0
"2018-12-10","Rokhsana Yeasmin",0
"2018-12-09","Rokhsana Yeasmin",190
"2018-12-08","Rokhsana Yeasmin",957
"2018-12-07","Rokhsana Yeasmin",447
"2018-12-06","Rokhsana Yeasmin",384
"2018-11-24","Rokhsana Yeasmin",118
"2018-11-23","Rokhsana Yeasmin",27
"2018-11-22","Rokhsana Yeasmin",253
"2018-11-20","Rokhsana Yeasmin",0
"2018-11-19","Rokhsana Yeasmin",0
"2018-11-15","Rokhsana Yeasmin",10
"2018-11-05","Rokhsana Yeasmin",0
"2018-10-11","Rokhsana Yeasmin",13
"2018-05-06","Rokhsana Yeasmin",0
"2017-05-04","Rokhsana Yeasmin",367
"2017-04-28","Rokhsana Yeasmin",0
"2017-04-25","Rokhsana Yeasmin",108
"2017-01-28","Rokhsana Yeasmin",0
"2016-04-20","Rokhsana Yeasmin",206
"2016-02-19","Rokhsana Yeasmin",0
"2022-03-06","Tanvir Hossain",65
"2021-11-16","Tanvir Hossain",1274
"2021-11-15","Tanvir Hossain",126
"2021-10-08","Tanvir Hossain",46
"2021-08-30","Tanvir Hossain",482
"2021-08-29","Tanvir Hossain",236
"2021-08-23","Tanvir Hossain",0
"2021-08-22","Tanvir Hossain",82
"2021-05-19","Tanvir Hossain",0
"2021-03-25","Tanvir Hossain",354
"2021-03-18","Tanvir Hossain",18
"2020-12-22","Tanvir Hossain",127
"2020-12-19","Tanvir Hossain",12
"2020-12-02","Tanvir Hossain",0
"2020-11-26","Tanvir Hossain",1406
"2020-11-25","Tanvir Hossain",31
"2020-11-20","Tanvir Hossain",0
"2020-11-16","Tanvir Hossain",0
"2020-10-25","Tanvir Hossain",261
"2020-10-14","Tanvir Hossain",0
"2020-10-11","Tanvir Hossain",0
"2020-10-08","Tanvir Hossain",0
"2020-10-07","Tanvir Hossain",0
"2020-10-02","Tanvir Hossain",7
"2020-09-28","Tanvir Hossain",0
"2020-09-18","Tanvir Hossain",63
"2020-06-23","Tanvir Hossain",35
"2020-05-17","Tanvir Hossain",0
"2020-05-15","Tanvir Hossain",0
"2020-05-14","Tanvir Hossain",0
"2020-05-03","Tanvir Hossain",79
"2020-03-30","Tanvir Hossain",24
"2020-03-28","Tanvir Hossain",412
"2020-03-26","Tanvir Hossain",0
"2020-03-13","Tanvir Hossain",0
"2020-03-10","Tanvir Hossain",90
"2020-03-05","Tanvir Hossain",0
"2020-03-04","Tanvir Hossain",0
"2020-03-03","Tanvir Hossain",150
"2020-03-02","Tanvir Hossain",24
"2020-02-28","Tanvir Hossain",0
"2020-02-25","Tanvir Hossain",49
"2020-02-23","Tanvir Hossain",0
"2020-02-19","Tanvir Hossain",42
"2020-02-18","Tanvir Hossain",0
"2020-02-17","Tanvir Hossain",230
"2020-01-30","Tanvir Hossain",0
"2020-01-27","Tanvir Hossain",174
"2019-12-06","Tanvir Hossain",27
"2019-11-24","Tanvir Hossain",0
"2019-11-23","Tanvir Hossain",0
"2019-11-13","Tanvir Hossain",39
"2019-11-11","Tanvir Hossain",0
"2019-09-14","Tanvir Hossain",0
"2019-09-12","Tanvir Hossain",0
"2019-09-01","Tanvir Hossain",9
"2019-08-10","Tanvir Hossain",32
"2019-05-07","Tanvir Hossain",0
"2019-05-06","Tanvir Hossain",0
"2019-05-01","Tanvir Hossain",0
"2019-04-27","Tanvir Hossain",0
"2019-04-23","Tanvir Hossain",441
"2019-04-22","Tanvir Hossain",0
"2019-04-12","Tanvir Hossain",0
"2019-04-07","Tanvir Hossain",69
"2019-04-05","Tanvir Hossain",4
"2019-04-03","Tanvir Hossain",0
"2019-03-14","Tanvir Hossain",0
"2019-02-16","Tanvir Hossain",137
"2019-02-11","Tanvir Hossain",188
"2019-01-27","Tanvir Hossain",0
"2019-01-21","Tanvir Hossain",22
"2019-01-12","Tanvir Hossain",280
"2019-01-09","Tanvir Hossain",2768
"2019-01-08","Tanvir Hossain",426
"2019-01-07","Tanvir Hossain",376
"2019-01-04","Tanvir Hossain",62
"2018-12-28","Tanvir Hossain",190
"2018-12-20","Tanvir Hossain",501
"2018-12-15","Tanvir Hossain",0
"2018-12-12","Tanvir Hossain",285
"2018-12-11","Tanvir Hossain",366
"2018-12-10","Tanvir Hossain",1217
"2018-12-09","Tanvir Hossain",1250
"2018-12-08","Tanvir Hossain",0
"2018-11-30","Tanvir Hossain",0
"2018-11-28","Tanvir Hossain",56
"2018-11-25","Tanvir Hossain",1237
"2018-11-24","Tanvir Hossain",931
"2018-11-23","Tanvir Hossain",355
"2018-11-22","Tanvir Hossain",359
"2018-11-16","Tanvir Hossain",225
"2018-11-15","Tanvir Hossain",0
"2018-11-04","Tanvir Hossain",431
"2018-10-11","Tanvir Hossain",183
"2018-09-22","Tanvir Hossain",42
"2018-09-04","Tanvir Hossain",41
"2018-05-23","Tanvir Hossain",0
"2018-05-18","Tanvir Hossain",0
"2018-05-17","Tanvir Hossain",0
"2018-05-12","Tanvir Hossain",74
"2018-04-29","Tanvir Hossain",218
"2018-04-26","Tanvir Hossain",0
"2018-04-07","Tanvir Hossain",17
"2018-04-03","Tanvir Hossain",68
"2018-03-28","Tanvir Hossain",1
"2018-02-28","Tanvir Hossain",0
"2018-02-24","Tanvir Hossain",0
"2018-02-08","Tanvir Hossain",0
"2018-01-30","Tanvir Hossain",0
"2018-01-27","Tanvir Hossain",0
"2018-01-26","Tanvir Hossain",38
"2018-01-25","Tanvir Hossain",158
"2018-01-21","Tanvir Hossain",32
"2018-01-19","Tanvir Hossain",25
"2018-01-17","Tanvir Hossain",762
"2018-01-13","Tanvir Hossain",0
"2017-10-16","Tanvir Hossain",0
"2017-05-24","Tanvir Hossain",0
"2017-05-21","Tanvir Hossain",11
"2017-05-04","Tanvir Hossain",0
"2017-03-04","Tanvir Hossain",51
"2017-02-28","Tanvir Hossain",0
"2017-01-14","Tanvir Hossain",48
"2016-11-26","Tanvir Hossain",38
"2016-10-25","Tanvir Hossain",37
"2016-09-15","Tanvir Hossain",0
"2016-09-01","Tanvir Hossain",0
"2016-06-19","Tanvir Hossain",24
"2016-03-07","Tanvir Hossain",0
"2016-02-19","Tanvir Hossain",55
