"Date","Caller","Receiver","Duration","Call Type"
"2021-11-16 19:25:10","Rokhsana Yeasmin","Tanvir Hossain",0,"Missed call (Video)"
"2021-11-15 14:44:32","Rokhsana Yeasmin","Tanvir Hossain",8,"Audio Call"
"2021-11-07 15:24:21","Rokhsana Yeasmin","Tanvir Hossain",0,"Missed call (Audio)"
"2021-11-07 08:19:59","Rokhsana Yeasmin","Tanvir Hossain",187,"Audio Call"
"2021-10-23 13:47:07","Rokhsana Yeasmin","Tanvir Hossain",0,"Missed call (Video)"
"2021-08-29 11:31:32","Rokhsana Yeasmin","Tanvir Hossain",0,"Missed call (Audio)"
"2021-08-29 10:00:14","Rokhsana Yeasmin","Tanvir Hossain",0,"Missed call (Audio)"
"2021-08-23 15:36:29","Rokhsana Yeasmin","Tanvir Hossain",342,"Video Call"
"2021-08-23 13:00:54","Rokhsana Yeasmin","Tanvir Hossain",0,"Missed call (Audio)"
"2021-08-22 11:09:07","Rokhsana Yeasmin","Tanvir Hossain",0,"Missed call (Audio)"
"2021-05-19 10:11:24","Rokhsana Yeasmin","Tanvir Hossain",168,"Audio Call"
"2020-12-02 08:18:05","Rokhsana Yeasmin","Tanvir Hossain",7,"Audio Call"
"2020-11-27 06:52:41","Rokhsana Yeasmin","Tanvir Hossain",0,"Missed call (Video)"
"2020-11-26 18:34:10","Rokhsana Yeasmin","Tanvir Hossain",0,"Missed call (Audio)"
"2020-11-26 18:27:16","Rokhsana Yeasmin","Tanvir Hossain",0,"Missed call (Video)"
"2020-11-26 18:24:40","Rokhsana Yeasmin","Tanvir Hossain",0,"Missed call (Video)"
"2020-10-16 16:11:14","Rokhsana Yeasmin","Tanvir Hossain",561,"Video Call"
"2020-10-14 12:16:58","Rokhsana Yeasmin","Tanvir Hossain",213,"Video Call"
"2020-10-14 11:14:02","Rokhsana Yeasmin","Tanvir Hossain",0,"Missed call (Video)"
"2020-10-14 11:12:36","Rokhsana Yeasmin","Tanvir Hossain",0,"Missed call (Video)"
"2020-10-11 13:32:32","Rokhsana Yeasmin","Tanvir Hossain",981,"Video Call"
"2020-10-11 06:07:11","Rokhsana Yeasmin","Tanvir Hossain",532,"Video Call"
"2020-10-07 16:12:19","Rokhsana Yeasmin","Tanvir Hossain",0,"Missed call (Video)"
"2020-10-02 06:25:27","Rokhsana Yeasmin","Tanvir Hossain",0,"Missed call (Video)"
"2020-09-29 14:34:14","Rokhsana Yeasmin","Tanvir Hossain",800,"Video Call"
"2020-09-25 13:46:50","Rokhsana Yeasmin","Tanvir Hossain",0,"Missed call (Audio)"
"2020-09-23 16:54:56","Rokhsana Yeasmin","Tanvir Hossain",190,"Video Call"
"2020-09-23 16:51:20","Rokhsana Yeasmin","Tanvir Hossain",404,"Video Call"
"2020-06-10 10:11:05","Rokhsana Yeasmin","Tanvir Hossain",15,"Audio Call"
"2020-05-28 09:02:48","Rokhsana Yeasmin","Tanvir Hossain",754,"Video Call"
"2020-05-15 17:24:20","Rokhsana Yeasmin","Tanvir Hossain",180,"Video Call"
"2020-05-03 19:00:08","Rokhsana Yeasmin","Tanvir Hossain",0,"Missed call (Video)"
"2020-03-28 13:53:01","Rokhsana Yeasmin","Tanvir Hossain",0,"Missed call (Video)"
"2020-03-13 14:20:35","Rokhsana Yeasmin","Tanvir Hossain",281,"Video Call"
"2020-03-13 13:23:01","Rokhsana Yeasmin","Tanvir Hossain",0,"Missed call (Video)"
"2020-03-05 05:58:26","Rokhsana Yeasmin","Tanvir Hossain",40,"Audio Call"
"2020-03-04 17:27:54","Rokhsana Yeasmin","Tanvir Hossain",708,"Video Call"
"2020-02-23 11:20:16","Rokhsana Yeasmin","Tanvir Hossain",27,"Audio Call"
"2020-02-17 06:52:25","Rokhsana Yeasmin","Tanvir Hossain",55,"Video Call"
"2020-02-02 07:46:59","Rokhsana Yeasmin","Tanvir Hossain",43,"Audio Call"
"2020-02-01 12:49:57","Rokhsana Yeasmin","Tanvir Hossain",26,"Audio Call"
"2020-02-01 08:44:11","Rokhsana Yeasmin","Tanvir Hossain",34,"Audio Call"
"2020-02-01 08:36:06","Rokhsana Yeasmin","Tanvir Hossain",0,"Missed call (Audio)"
"2020-02-01 08:32:33","Rokhsana Yeasmin","Tanvir Hossain",0,"Missed call (Audio)"
"2020-02-01 08:32:02","Rokhsana Yeasmin","Tanvir Hossain",0,"Missed call (Audio)"
"2020-01-27 07:27:53","Rokhsana Yeasmin","Tanvir Hossain",63,"Video Call"
"2019-12-20 19:49:55","Rokhsana Yeasmin","Tanvir Hossain",0,"Missed call (Video)"
"2019-11-28 13:41:46","Rokhsana Yeasmin","Tanvir Hossain",24,"Audio Call"
"2019-11-24 17:00:57","Rokhsana Yeasmin","Tanvir Hossain",157,"Video Call"
"2019-11-13 17:31:20","Rokhsana Yeasmin","Tanvir Hossain",0,"Missed call (Video)"
"2019-09-22 08:52:40","Rokhsana Yeasmin","Tanvir Hossain",0,"Missed call (Video)"
"2019-09-14 13:37:11","Rokhsana Yeasmin","Tanvir Hossain",0,"Missed call (Video)"
"2019-09-12 12:44:39","Rokhsana Yeasmin","Tanvir Hossain",71,"Video Call"
"2019-09-12 12:42:58","Rokhsana Yeasmin","Tanvir Hossain",11,"Video Call"
"2019-09-11 08:21:17","Rokhsana Yeasmin","Tanvir Hossain",760,"Video Call"
"2019-08-15 11:22:08","Rokhsana Yeasmin","Tanvir Hossain",38,"Audio Call"
"2019-05-05 10:29:18","Rokhsana Yeasmin","Tanvir Hossain",0,"Missed call (Video)"
"2019-05-05 10:28:55","Rokhsana Yeasmin","Tanvir Hossain",0,"Missed call (Video)"
"2019-05-05 10:27:48","Rokhsana Yeasmin","Tanvir Hossain",0,"Missed call (Video)"
"2019-05-05 10:27:38","Rokhsana Yeasmin","Tanvir Hossain",0,"Missed call (Video)"
"2019-05-02 21:03:13","Rokhsana Yeasmin","Tanvir Hossain",0,"Missed call (Audio)"
"2019-04-24 18:31:37","Rokhsana Yeasmin","Tanvir Hossain",0,"Missed call (Audio)"
"2019-04-23 18:22:45","Rokhsana Yeasmin","Tanvir Hossain",34,"Video Call"
"2019-04-22 06:53:30","Rokhsana Yeasmin","Tanvir Hossain",0,"Missed call (Video)"
"2019-04-07 20:15:02","Rokhsana Yeasmin","Tanvir Hossain",0,"Missed call (Audio)"
"2019-04-07 18:27:22","Rokhsana Yeasmin","Tanvir Hossain",0,"Missed call (Audio)"
"2019-04-07 18:27:06","Rokhsana Yeasmin","Tanvir Hossain",0,"Missed call (Audio)"
"2019-04-03 17:45:57","Rokhsana Yeasmin","Tanvir Hossain",0,"Missed call (Audio)"
"2019-03-27 13:34:56","Rokhsana Yeasmin","Tanvir Hossain",0,"Missed call (Audio)"
"2019-03-14 08:15:50","Rokhsana Yeasmin","Tanvir Hossain",0,"Missed call (Video)"
"2019-03-09 07:19:27","Rokhsana Yeasmin","Tanvir Hossain",0,"Missed call (Video)"
"2019-02-22 19:06:19","Rokhsana Yeasmin","Tanvir Hossain",81,"Video Call"
"2019-02-22 10:37:04","Rokhsana Yeasmin","Tanvir Hossain",0,"Missed call (Video)"
"2019-02-19 10:25:24","Rokhsana Yeasmin","Tanvir Hossain",55,"Video Call"
"2019-02-16 09:24:04","Rokhsana Yeasmin","Tanvir Hossain",313,"Video Call"
"2019-01-27 07:20:24","Rokhsana Yeasmin","Tanvir Hossain",0,"Missed call (Audio)"
"2019-01-27 07:07:07","Rokhsana Yeasmin","Tanvir Hossain",59,"Audio Call"
"2019-01-22 13:45:04","Rokhsana Yeasmin","Tanvir Hossain",96,"Video Call"
"2019-01-22 13:43:16","Rokhsana Yeasmin","Tanvir Hossain",58,"Video Call"
"2019-01-15 13:28:15","Rokhsana Yeasmin","Tanvir Hossain",0,"Missed call (Audio)"
"2019-01-15 13:20:18","Rokhsana Yeasmin","Tanvir Hossain",0,"Missed call (Video)"
"2019-01-15 10:55:40","Rokhsana Yeasmin","Tanvir Hossain",0,"Missed call (Video)"
"2019-01-14 05:44:10","Rokhsana Yeasmin","Tanvir Hossain",0,"Missed call (Video)"
"2019-01-12 11:15:50","Rokhsana Yeasmin","Tanvir Hossain",0,"Missed call (Audio)"
"2019-01-10 18:37:31","Rokhsana Yeasmin","Tanvir Hossain",302,"Video Call"
"2019-01-08 17:49:03","Rokhsana Yeasmin","Tanvir Hossain",0,"Missed call (Audio)"
"2019-01-08 17:48:01","Rokhsana Yeasmin","Tanvir Hossain",0,"Missed call (Audio)"
"2019-01-08 13:57:57","Rokhsana Yeasmin","Tanvir Hossain",49,"Video Call"
"2019-01-08 13:41:57","Rokhsana Yeasmin","Tanvir Hossain",0,"Missed call (Video)"
"2019-01-07 15:28:54","Rokhsana Yeasmin","Tanvir Hossain",246,"Video Call"
"2019-01-04 14:02:20","Rokhsana Yeasmin","Tanvir Hossain",0,"Missed call (Video)"
"2018-12-20 09:34:10","Rokhsana Yeasmin","Tanvir Hossain",0,"Missed call (Audio)"
"2018-12-20 08:24:03","Rokhsana Yeasmin","Tanvir Hossain",0,"Missed call (Video)"
"2018-12-16 04:44:32","Rokhsana Yeasmin","Tanvir Hossain",153,"Video Call"
"2018-12-15 10:29:55","Rokhsana Yeasmin","Tanvir Hossain",0,"Missed call (Video)"
"2018-12-10 04:38:35","Rokhsana Yeasmin","Tanvir Hossain",0,"Missed call (Video)"
"2018-12-09 14:06:35","Rokhsana Yeasmin","Tanvir Hossain",190,"Video Call"
"2018-12-08 05:37:37","Rokhsana Yeasmin","Tanvir Hossain",0,"Missed call (Audio)"
"2018-12-08 03:45:45","Rokhsana Yeasmin","Tanvir Hossain",957,"Audio Call"
"2018-12-07 16:23:08","Rokhsana Yeasmin","Tanvir Hossain",447,"Video Call"
"2018-12-06 16:13:40","Rokhsana Yeasmin","Tanvir Hossain",358,"Video Call"
"2018-12-06 16:05:35","Rokhsana Yeasmin","Tanvir Hossain",26,"Video Call"
"2018-11-24 17:44:07","Rokhsana Yeasmin","Tanvir Hossain",118,"Audio Call"
"2018-11-24 05:53:14","Rokhsana Yeasmin","Tanvir Hossain",0,"Missed call (Audio)"
"2018-11-23 13:42:49","Rokhsana Yeasmin","Tanvir Hossain",27,"Audio Call"
"2018-11-22 21:32:19","Rokhsana Yeasmin","Tanvir Hossain",253,"Audio Call"
"2018-11-20 02:47:04","Rokhsana Yeasmin","Tanvir Hossain",0,"Missed call (Video)"
"2018-11-19 08:56:58","Rokhsana Yeasmin","Tanvir Hossain",0,"Missed call (Audio)"
"2018-11-19 01:24:03","Rokhsana Yeasmin","Tanvir Hossain",0,"Missed call (Audio)"
"2018-11-19 01:23:17","Rokhsana Yeasmin","Tanvir Hossain",0,"Missed call (Audio)"
"2018-11-15 16:32:57","Rokhsana Yeasmin","Tanvir Hossain",10,"Audio Call"
"2018-11-05 15:24:07","Rokhsana Yeasmin","Tanvir Hossain",0,"Missed call (Audio)"
"2018-10-11 16:12:32","Rokhsana Yeasmin","Tanvir Hossain",13,"Video Call"
"2018-10-11 16:12:05","Rokhsana Yeasmin","Tanvir Hossain",0,"Missed call (Video)"
"2018-05-06 14:51:29","Rokhsana Yeasmin","Tanvir Hossain",0,"Missed call (Audio)"
"2017-05-04 12:58:28","Rokhsana Yeasmin","Tanvir Hossain",367,"Video Call"
"2017-04-28 06:07:30","Rokhsana Yeasmin","Tanvir Hossain",0,"Missed call (Audio)"
"2017-04-25 09:01:18","Rokhsana Yeasmin","Tanvir Hossain",108,"Audio Call"
"2017-01-28 12:10:15","Rokhsana Yeasmin","Tanvir Hossain",0,"Missed call (Audio)"
"2016-04-20 14:45:18","Rokhsana Yeasmin","Tanvir Hossain",206,"Video Call"
"2016-02-19 11:12:17","Rokhsana Yeasmin","Tanvir Hossain",0,"Missed call (Audio)"
"2022-03-06 10:43:26","Tanvir Hossain","Rokhsana Yeasmin",65,"Audio Call"
"2021-11-16 19:54:27","Tanvir Hossain","Rokhsana Yeasmin",1274,"Video Call"
"2021-11-16 19:04:19","Tanvir Hossain","Rokhsana Yeasmin",0,"Missed call (Audio)"
"2021-11-15 14:53:53","Tanvir Hossain","Rokhsana Yeasmin",126,"Audio Call"
"2021-10-08 02:14:43","Tanvir Hossain","Rokhsana Yeasmin",14,"Audio Call"
"2021-10-08 01:43:18","Tanvir Hossain","Rokhsana Yeasmin",32,"Audio Call"
"2021-08-30 13:08:54","Tanvir Hossain","Rokhsana Yeasmin",482,"Video Call"
"2021-08-29 10:11:27","Tanvir Hossain","Rokhsana Yeasmin",236,"Audio Call"
"2021-08-23 15:18:27","Tanvir Hossain","Rokhsana Yeasmin",0,"Missed call (Audio)"
"2021-08-22 11:21:38","Tanvir Hossain","Rokhsana Yeasmin",64,"Audio Call"
"2021-08-22 11:20:29","Tanvir Hossain","Rokhsana Yeasmin",18,"Audio Call"
"2021-05-19 09:02:58","Tanvir Hossain","Rokhsana Yeasmin",0,"Missed call (Audio)"
"2021-03-25 09:24:40","Tanvir Hossain","Rokhsana Yeasmin",354,"Video Call"
"2021-03-18 09:29:50","Tanvir Hossain","Rokhsana Yeasmin",18,"Audio Call"
"2020-12-22 13:03:11","Tanvir Hossain","Rokhsana Yeasmin",127,"Video Call"
"2020-12-19 12:53:58","Tanvir Hossain","Rokhsana Yeasmin",12,"Audio Call"
"2020-12-02 08:11:17","Tanvir Hossain","Rokhsana Yeasmin",0,"Missed call (Audio)"
"2020-11-26 18:54:42","Tanvir Hossain","Rokhsana Yeasmin",27,"Audio Call"
"2020-11-26 18:31:08","Tanvir Hossain","Rokhsana Yeasmin",0,"Missed call (Audio)"
"2020-11-26 18:30:23","Tanvir Hossain","Rokhsana Yeasmin",0,"Missed call (Video)"
"2020-11-26 18:20:36","Tanvir Hossain","Rokhsana Yeasmin",1379,"Audio Call"
"2020-11-25 10:40:17","Tanvir Hossain","Rokhsana Yeasmin",31,"Audio Call"
"2020-11-20 07:04:04","Tanvir Hossain","Rokhsana Yeasmin",0,"Missed call (Audio)"
"2020-11-16 18:11:11","Tanvir Hossain","Rokhsana Yeasmin",0,"Missed call (Audio)"
"2020-10-25 13:15:23","Tanvir Hossain","Rokhsana Yeasmin",261,"Video Call"
"2020-10-14 11:13:16","Tanvir Hossain","Rokhsana Yeasmin",0,"Missed call (Video)"
"2020-10-11 05:32:41","Tanvir Hossain","Rokhsana Yeasmin",0,"Missed call (Video)"
"2020-10-08 06:42:18","Tanvir Hossain","Rokhsana Yeasmin",0,"Missed call (Video)"
"2020-10-07 12:45:01","Tanvir Hossain","Rokhsana Yeasmin",0,"Missed call (Video)"
"2020-10-07 12:44:46","Tanvir Hossain","Rokhsana Yeasmin",0,"Missed call (Video)"
"2020-10-02 14:53:27","Tanvir Hossain","Rokhsana Yeasmin",0,"Missed call (Video)"
"2020-10-02 14:53:14","Tanvir Hossain","Rokhsana Yeasmin",0,"Missed call (Audio)"
"2020-10-02 07:04:56","Tanvir Hossain","Rokhsana Yeasmin",7,"Video Call"
"2020-09-28 10:41:48","Tanvir Hossain","Rokhsana Yeasmin",0,"Missed call (Audio)"
"2020-09-18 17:20:04","Tanvir Hossain","Rokhsana Yeasmin",0,"Missed call (Audio)"
"2020-09-18 16:03:57","Tanvir Hossain","Rokhsana Yeasmin",30,"Audio Call"
"2020-09-18 15:59:34","Tanvir Hossain","Rokhsana Yeasmin",0,"Missed call (Audio)"
"2020-09-18 14:42:07","Tanvir Hossain","Rokhsana Yeasmin",33,"Audio Call"
"2020-06-23 08:41:38","Tanvir Hossain","Rokhsana Yeasmin",35,"Audio Call"
"2020-05-17 01:53:03","Tanvir Hossain","Rokhsana Yeasmin",0,"Missed call (Video)"
"2020-05-17 01:37:27","Tanvir Hossain","Rokhsana Yeasmin",0,"Missed call (Video)"
"2020-05-17 01:36:18","Tanvir Hossain","Rokhsana Yeasmin",0,"Missed call (Video)"
"2020-05-17 01:23:43","Tanvir Hossain","Rokhsana Yeasmin",0,"Missed call (Video)"
"2020-05-17 01:20:15","Tanvir Hossain","Rokhsana Yeasmin",0,"Missed call (Video)"
"2020-05-15 17:19:48","Tanvir Hossain","Rokhsana Yeasmin",0,"Missed call (Video)"
"2020-05-15 17:19:33","Tanvir Hossain","Rokhsana Yeasmin",0,"Missed call (Video)"
"2020-05-15 17:19:14","Tanvir Hossain","Rokhsana Yeasmin",0,"Missed call (Video)"
"2020-05-14 12:57:15","Tanvir Hossain","Rokhsana Yeasmin",0,"Missed call (Video)"
"2020-05-03 19:00:22","Tanvir Hossain","Rokhsana Yeasmin",0,"Missed call (Video)"
"2020-05-03 18:49:42","Tanvir Hossain","Rokhsana Yeasmin",0,"Missed call (Video)"
"2020-05-03 18:47:06","Tanvir Hossain","Rokhsana Yeasmin",79,"Video Call"
"2020-03-30 10:35:38","Tanvir Hossain","Rokhsana Yeasmin",24,"Video Call"
"2020-03-30 10:34:52","Tanvir Hossain","Rokhsana Yeasmin",0,"Video Call"
"2020-03-28 14:05:16","Tanvir Hossain","Rokhsana Yeasmin",412,"Video Call"
"2020-03-26 16:37:08","Tanvir Hossain","Rokhsana Yeasmin",0,"Missed call (Video)"
"2020-03-13 13:47:27","Tanvir Hossain","Rokhsana Yeasmin",0,"Missed call (Video)"
"2020-03-10 12:54:57","Tanvir Hossain","Rokhsana Yeasmin",27,"Audio Call"
"2020-03-10 10:58:58","Tanvir Hossain","Rokhsana Yeasmin",63,"Audio Call"
"2020-03-05 05:55:19","Tanvir Hossain","Rokhsana Yeasmin",0,"Missed call (Audio)"
"2020-03-04 16:23:51","Tanvir Hossain","Rokhsana Yeasmin",0,"Missed call (Video)"
"2020-03-03 15:43:41","Tanvir Hossain","Rokhsana Yeasmin",150,"Video Call"
"2020-03-03 15:22:39","Tanvir Hossain","Rokhsana Yeasmin",0,"Missed call (Video)"
"2020-03-03 15:21:35","Tanvir Hossain","Rokhsana Yeasmin",0,"Missed call (Video)"
"2020-03-02 16:33:14","Tanvir Hossain","Rokhsana Yeasmin",24,"Video Call"
"2020-02-28 15:30:36","Tanvir Hossain","Rokhsana Yeasmin",0,"Missed call (Audio)"
"2020-02-25 18:44:29","Tanvir Hossain","Rokhsana Yeasmin",49,"Video Call"
"2020-02-23 11:21:23","Tanvir Hossain","Rokhsana Yeasmin",0,"Missed call (Audio)"
"2020-02-23 11:21:19","Tanvir Hossain","Rokhsana Yeasmin",0,"Missed call (Audio)"
"2020-02-19 16:39:15","Tanvir Hossain","Rokhsana Yeasmin",42,"Audio Call"
"2020-02-19 11:57:36","Tanvir Hossain","Rokhsana Yeasmin",0,"Missed call (Audio)"
"2020-02-18 09:46:58","Tanvir Hossain","Rokhsana Yeasmin",0,"Missed call (Audio)"
"2020-02-17 10:39:11","Tanvir Hossain","Rokhsana Yeasmin",0,"Missed call (Video)"
"2020-02-17 10:38:54","Tanvir Hossain","Rokhsana Yeasmin",0,"Audio Call"
"2020-02-17 10:16:38","Tanvir Hossain","Rokhsana Yeasmin",31,"Audio Call"
"2020-02-17 10:15:37","Tanvir Hossain","Rokhsana Yeasmin",6,"Audio Call"
"2020-02-17 10:15:21","Tanvir Hossain","Rokhsana Yeasmin",10,"Audio Call"
"2020-02-17 10:15:04","Tanvir Hossain","Rokhsana Yeasmin",19,"Audio Call"
"2020-02-17 08:56:46","Tanvir Hossain","Rokhsana Yeasmin",150,"Video Call"
"2020-02-17 08:53:59","Tanvir Hossain","Rokhsana Yeasmin",14,"Audio Call"
"2020-02-17 06:50:53","Tanvir Hossain","Rokhsana Yeasmin",0,"Missed call (Video)"
"2020-01-30 11:27:56","Tanvir Hossain","Rokhsana Yeasmin",0,"Missed call (Audio)"
"2020-01-27 10:26:45","Tanvir Hossain","Rokhsana Yeasmin",17,"Audio Call"
"2020-01-27 10:21:46","Tanvir Hossain","Rokhsana Yeasmin",42,"Audio Call"
"2020-01-27 07:55:43","Tanvir Hossain","Rokhsana Yeasmin",115,"Video Call"
"2019-12-06 14:50:53","Tanvir Hossain","Rokhsana Yeasmin",0,"Missed call (Audio)"
"2019-12-06 14:49:37","Tanvir Hossain","Rokhsana Yeasmin",27,"Audio Call"
"2019-11-24 16:53:56","Tanvir Hossain","Rokhsana Yeasmin",0,"Missed call (Audio)"
"2019-11-23 16:26:34","Tanvir Hossain","Rokhsana Yeasmin",0,"Missed call (Audio)"
"2019-11-23 16:26:17","Tanvir Hossain","Rokhsana Yeasmin",0,"Missed call (Audio)"
"2019-11-13 13:31:39","Tanvir Hossain","Rokhsana Yeasmin",39,"Audio Call"
"2019-11-11 14:14:32","Tanvir Hossain","Rokhsana Yeasmin",0,"Missed call (Audio)"
"2019-09-14 12:55:49","Tanvir Hossain","Rokhsana Yeasmin",0,"Missed call (Video)"
"2019-09-12 12:43:01","Tanvir Hossain","Rokhsana Yeasmin",0,"Missed call (Video)"
"2019-09-01 10:56:37","Tanvir Hossain","Rokhsana Yeasmin",9,"Audio Call"
"2019-08-10 13:07:44","Tanvir Hossain","Rokhsana Yeasmin",11,"Audio Call"
"2019-08-10 12:45:07","Tanvir Hossain","Rokhsana Yeasmin",21,"Audio Call"
"2019-05-07 13:31:26","Tanvir Hossain","Rokhsana Yeasmin",0,"Missed call (Audio)"
"2019-05-06 10:17:05","Tanvir Hossain","Rokhsana Yeasmin",0,"Missed call (Audio)"
"2019-05-01 03:34:17","Tanvir Hossain","Rokhsana Yeasmin",0,"Missed call (Audio)"
"2019-05-01 03:32:35","Tanvir Hossain","Rokhsana Yeasmin",0,"Missed call (Audio)"
"2019-05-01 03:25:57","Tanvir Hossain","Rokhsana Yeasmin",0,"Missed call (Audio)"
"2019-04-27 19:49:29","Tanvir Hossain","Rokhsana Yeasmin",0,"Missed call (Audio)"
"2019-04-23 18:31:13","Tanvir Hossain","Rokhsana Yeasmin",441,"Video Call"
"2019-04-22 07:53:19","Tanvir Hossain","Rokhsana Yeasmin",0,"Missed call (Audio)"
"2019-04-12 15:16:53","Tanvir Hossain","Rokhsana Yeasmin",0,"Missed call (Audio)"
"2019-04-12 08:12:27","Tanvir Hossain","Rokhsana Yeasmin",0,"Missed call (Audio)"
"2019-04-07 18:29:08","Tanvir Hossain","Rokhsana Yeasmin",67,"Audio Call"
"2019-04-07 18:27:02","Tanvir Hossain","Rokhsana Yeasmin",2,"Audio Call"
"2019-04-05 14:47:38","Tanvir Hossain","Rokhsana Yeasmin",4,"Video Call"
"2019-04-03 17:45:35","Tanvir Hossain","Rokhsana Yeasmin",0,"Missed call (Audio)"
"2019-03-14 05:27:11","Tanvir Hossain","Rokhsana Yeasmin",0,"Missed call (Audio)"
"2019-03-14 05:25:43","Tanvir Hossain","Rokhsana Yeasmin",0,"Missed call (Audio)"
"2019-03-14 05:25:05","Tanvir Hossain","Rokhsana Yeasmin",0,"Missed call (Audio)"
"2019-02-16 08:34:07","Tanvir Hossain","Rokhsana Yeasmin",137,"Video Call"
"2019-02-11 16:39:22","Tanvir Hossain","Rokhsana Yeasmin",188,"Video Call"
"2019-01-27 06:53:24","Tanvir Hossain","Rokhsana Yeasmin",0,"Missed call (Audio)"
"2019-01-21 15:48:16","Tanvir Hossain","Rokhsana Yeasmin",22,"Audio Call"
"2019-01-12 11:22:58","Tanvir Hossain","Rokhsana Yeasmin",280,"Video Call"
"2019-01-09 19:10:16","Tanvir Hossain","Rokhsana Yeasmin",1536,"Video Call"
"2019-01-09 18:37:20","Tanvir Hossain","Rokhsana Yeasmin",6,"Audio Call"
"2019-01-09 18:36:41","Tanvir Hossain","Rokhsana Yeasmin",1,"Audio Call"
"2019-01-09 15:51:11","Tanvir Hossain","Rokhsana Yeasmin",1225,"Video Call"
"2019-01-09 15:20:42","Tanvir Hossain","Rokhsana Yeasmin",0,"Missed call (Audio)"
"2019-01-08 18:22:37","Tanvir Hossain","Rokhsana Yeasmin",370,"Video Call"
"2019-01-08 18:16:23","Tanvir Hossain","Rokhsana Yeasmin",56,"Video Call"
"2019-01-08 16:46:13","Tanvir Hossain","Rokhsana Yeasmin",0,"Missed call (Video)"
"2019-01-08 16:43:07","Tanvir Hossain","Rokhsana Yeasmin",0,"Missed call (Video)"
"2019-01-08 14:51:50","Tanvir Hossain","Rokhsana Yeasmin",0,"Missed call (Video)"
"2019-01-08 14:40:45","Tanvir Hossain","Rokhsana Yeasmin",0,"Missed call (Audio)"
"2019-01-08 14:40:16","Tanvir Hossain","Rokhsana Yeasmin",0,"Missed call (Video)"
"2019-01-08 14:31:23","Tanvir Hossain","Rokhsana Yeasmin",0,"Missed call (Video)"
"2019-01-08 13:18:37","Tanvir Hossain","Rokhsana Yeasmin",0,"Missed call (Video)"
"2019-01-08 13:17:03","Tanvir Hossain","Rokhsana Yeasmin",0,"Missed call (Video)"
"2019-01-08 13:17:01","Tanvir Hossain","Rokhsana Yeasmin",0,"Missed call (Video)"
"2019-01-08 13:12:44","Tanvir Hossain","Rokhsana Yeasmin",0,"Missed call (Video)"
"2019-01-08 13:11:33","Tanvir Hossain","Rokhsana Yeasmin",0,"Missed call (Video)"
"2019-01-08 13:11:25","Tanvir Hossain","Rokhsana Yeasmin",0,"Missed call (Video)"
"2019-01-07 09:18:27","Tanvir Hossain","Rokhsana Yeasmin",376,"Video Call"
"2019-01-04 14:03:55","Tanvir Hossain","Rokhsana Yeasmin",62,"Video Call"
"2018-12-28 04:00:54","Tanvir Hossain","Rokhsana Yeasmin",190,"Video Call"
"2018-12-20 16:30:32","Tanvir Hossain","Rokhsana Yeasmin",198,"Video Call"
"2018-12-20 13:33:46","Tanvir Hossain","Rokhsana Yeasmin",303,"Video Call"
"2018-12-20 09:35:18","Tanvir Hossain","Rokhsana Yeasmin",0,"Missed call (Audio)"
"2018-12-15 10:30:36","Tanvir Hossain","Rokhsana Yeasmin",0,"Missed call (Audio)"
"2018-12-12 19:50:03","Tanvir Hossain","Rokhsana Yeasmin",285,"Video Call"
"2018-12-11 15:13:07","Tanvir Hossain","Rokhsana Yeasmin",366,"Video Call"
"2018-12-11 13:28:16","Tanvir Hossain","Rokhsana Yeasmin",0,"Missed call (Audio)"
"2018-12-10 19:55:57","Tanvir Hossain","Rokhsana Yeasmin",984,"Video Call"
"2018-12-10 19:01:50","Tanvir Hossain","Rokhsana Yeasmin",233,"Video Call"
"2018-12-09 18:06:46","Tanvir Hossain","Rokhsana Yeasmin",272,"Video Call"
"2018-12-09 14:02:57","Tanvir Hossain","Rokhsana Yeasmin",63,"Video Call"
"2018-12-09 07:16:34","Tanvir Hossain","Rokhsana Yeasmin",0,"Missed call (Audio)"
"2018-12-09 04:32:51","Tanvir Hossain","Rokhsana Yeasmin",915,"Video Call"
"2018-12-08 03:29:16","Tanvir Hossain","Rokhsana Yeasmin",0,"Missed call (Audio)"
"2018-11-30 06:31:58","Tanvir Hossain","Rokhsana Yeasmin",0,"Missed call (Audio)"
"2018-11-28 15:03:32","Tanvir Hossain","Rokhsana Yeasmin",56,"Audio Call"
"2018-11-25 06:22:37","Tanvir Hossain","Rokhsana Yeasmin",815,"Video Call"
"2018-11-25 06:08:36","Tanvir Hossain","Rokhsana Yeasmin",422,"Audio Call"
"2018-11-24 16:46:48","Tanvir Hossain","Rokhsana Yeasmin",931,"Audio Call"
"2018-11-23 18:49:00","Tanvir Hossain","Rokhsana Yeasmin",72,"Audio Call"
"2018-11-23 15:17:10","Tanvir Hossain","Rokhsana Yeasmin",283,"Audio Call"
"2018-11-22 18:27:03","Tanvir Hossain","Rokhsana Yeasmin",276,"Video Call"
"2018-11-22 18:10:31","Tanvir Hossain","Rokhsana Yeasmin",83,"Video Call"
"2018-11-16 17:48:37","Tanvir Hossain","Rokhsana Yeasmin",225,"Audio Call"
"2018-11-15 16:31:07","Tanvir Hossain","Rokhsana Yeasmin",0,"Missed call (Audio)"
"2018-11-15 16:29:56","Tanvir Hossain","Rokhsana Yeasmin",0,"Missed call (Audio)"
"2018-11-04 09:23:25","Tanvir Hossain","Rokhsana Yeasmin",431,"Audio Call"
"2018-10-11 16:17:14","Tanvir Hossain","Rokhsana Yeasmin",25,"Video Call"
"2018-10-11 16:15:39","Tanvir Hossain","Rokhsana Yeasmin",80,"Video Call"
"2018-10-11 16:11:45","Tanvir Hossain","Rokhsana Yeasmin",28,"Audio Call"
"2018-10-11 16:10:44","Tanvir Hossain","Rokhsana Yeasmin",20,"Audio Call"
"2018-10-11 16:10:15","Tanvir Hossain","Rokhsana Yeasmin",30,"Video Call"
"2018-09-22 08:44:50","Tanvir Hossain","Rokhsana Yeasmin",42,"Video Call"
"2018-09-04 15:04:52","Tanvir Hossain","Rokhsana Yeasmin",41,"Audio Call"
"2018-05-23 19:29:03","Tanvir Hossain","Rokhsana Yeasmin",0,"Missed call (Audio)"
"2018-05-18 17:16:16","Tanvir Hossain","Rokhsana Yeasmin",0,"Missed call (Audio)"
"2018-05-18 17:15:59","Tanvir Hossain","Rokhsana Yeasmin",0,"Missed call (Audio)"
"2018-05-17 14:28:06","Tanvir Hossain","Rokhsana Yeasmin",0,"Missed call (Audio)"
"2018-05-12 10:30:56","Tanvir Hossain","Rokhsana Yeasmin",0,"Missed call (Audio)"
"2018-05-12 08:26:36","Tanvir Hossain","Rokhsana Yeasmin",74,"Video Call"
"2018-04-29 09:40:36","Tanvir Hossain","Rokhsana Yeasmin",163,"Audio Call"
"2018-04-29 08:47:02","Tanvir Hossain","Rokhsana Yeasmin",55,"Audio Call"
"2018-04-26 16:49:11","Tanvir Hossain","Rokhsana Yeasmin",0,"Missed call (Audio)"
"2018-04-07 12:06:27","Tanvir Hossain","Rokhsana Yeasmin",17,"Audio Call"
"2018-04-03 16:22:13","Tanvir Hossain","Rokhsana Yeasmin",68,"Audio Call"
"2018-03-28 15:52:22","Tanvir Hossain","Rokhsana Yeasmin",1,"Audio Call"
"2018-02-28 14:06:56","Tanvir Hossain","Rokhsana Yeasmin",0,"Missed call (Audio)"
"2018-02-24 14:37:16","Tanvir Hossain","Rokhsana Yeasmin",0,"Missed call (Audio)"
"2018-02-08 15:00:33","Tanvir Hossain","Rokhsana Yeasmin",0,"Missed call (Audio)"
"2018-01-30 07:21:11","Tanvir Hossain","Rokhsana Yeasmin",0,"Missed call (Audio)"
"2018-01-27 08:34:42","Tanvir Hossain","Rokhsana Yeasmin",0,"Missed call (Audio)"
"2018-01-26 12:36:26","Tanvir Hossain","Rokhsana Yeasmin",38,"Audio Call"
"2018-01-26 12:33:27","Tanvir Hossain","Rokhsana Yeasmin",0,"Missed call (Audio)"
"2018-01-26 12:26:05","Tanvir Hossain","Rokhsana Yeasmin",0,"Missed call (Audio)"
"2018-01-25 12:08:45","Tanvir Hossain","Rokhsana Yeasmin",19,"Audio Call"
"2018-01-25 09:37:52","Tanvir Hossain","Rokhsana Yeasmin",0,"Missed call (Audio)"
"2018-01-25 09:37:28","Tanvir Hossain","Rokhsana Yeasmin",77,"Audio Call"
"2018-01-25 06:57:12","Tanvir Hossain","Rokhsana Yeasmin",62,"Audio Call"
"2018-01-21 10:44:27","Tanvir Hossain","Rokhsana Yeasmin",32,"Audio Call"
"2018-01-21 10:43:40","Tanvir Hossain","Rokhsana Yeasmin",0,"Missed call (Audio)"
"2018-01-21 10:36:04","Tanvir Hossain","Rokhsana Yeasmin",0,"Missed call (Audio)"
"2018-01-21 07:32:51","Tanvir Hossain","Rokhsana Yeasmin",0,"Missed call (Audio)"
"2018-01-19 14:36:22","Tanvir Hossain","Rokhsana Yeasmin",25,"Audio Call"
"2018-01-17 16:06:13","Tanvir Hossain","Rokhsana Yeasmin",762,"Video Call"
"2018-01-13 15:19:12","Tanvir Hossain","Rokhsana Yeasmin",0,"Missed call (Audio)"
"2018-01-13 15:18:24","Tanvir Hossain","Rokhsana Yeasmin",0,"Missed call (Audio)"
"2018-01-13 15:14:22","Tanvir Hossain","Rokhsana Yeasmin",0,"Missed call (Audio)"
"2018-01-13 15:14:13","Tanvir Hossain","Rokhsana Yeasmin",0,"Missed call (Audio)"
"2018-01-13 15:14:01","Tanvir Hossain","Rokhsana Yeasmin",0,"Missed call (Audio)"
"2018-01-13 15:09:02","Tanvir Hossain","Rokhsana Yeasmin",0,"Missed call (Audio)"
"2018-01-13 15:08:51","Tanvir Hossain","Rokhsana Yeasmin",0,"Missed call (Audio)"
"2018-01-13 15:08:40","Tanvir Hossain","Rokhsana Yeasmin",0,"Missed call (Audio)"
"2017-10-16 08:41:24","Tanvir Hossain","Rokhsana Yeasmin",0,"Missed call (Audio)"
"2017-05-24 10:59:22","Tanvir Hossain","Rokhsana Yeasmin",0,"Missed call (Audio)"
"2017-05-21 04:50:09","Tanvir Hossain","Rokhsana Yeasmin",11,"Audio Call"
"2017-05-04 12:51:48","Tanvir Hossain","Rokhsana Yeasmin",0,"Missed call (Video)"
"2017-03-04 14:18:23","Tanvir Hossain","Rokhsana Yeasmin",0,"Missed call (Audio)"
"2017-03-04 14:15:57","Tanvir Hossain","Rokhsana Yeasmin",0,"Missed call (Audio)"
"2017-03-04 14:12:09","Tanvir Hossain","Rokhsana Yeasmin",24,"Audio Call"
"2017-03-04 13:44:43","Tanvir Hossain","Rokhsana Yeasmin",27,"Audio Call"
"2017-02-28 09:37:57","Tanvir Hossain","Rokhsana Yeasmin",0,"Missed call (Audio)"
"2017-01-14 09:32:31","Tanvir Hossain","Rokhsana Yeasmin",0,"Missed call (Audio)"
"2017-01-14 09:27:49","Tanvir Hossain","Rokhsana Yeasmin",48,"Audio Call"
"2016-11-26 08:50:13","Tanvir Hossain","Rokhsana Yeasmin",38,"Video Call"
"2016-10-25 11:23:21","Tanvir Hossain","Rokhsana Yeasmin",0,"Missed call (Audio)"
"2016-10-25 09:42:59","Tanvir Hossain","Rokhsana Yeasmin",37,"Audio Call"
"2016-09-15 14:01:19","Tanvir Hossain","Rokhsana Yeasmin",0,"Missed call (Audio)"
"2016-09-01 16:47:53","Tanvir Hossain","Rokhsana Yeasmin",0,"Missed call (Audio)"
"2016-06-19 09:44:20","Tanvir Hossain","Rokhsana Yeasmin",24,"Video Call"
"2016-03-07 08:48:56","Tanvir Hossain","Rokhsana Yeasmin",0,"Missed call (Video)"
"2016-02-19 11:54:27","Tanvir Hossain","Rokhsana Yeasmin",55,"Audio Call"
"2016-02-19 10:24:48","Tanvir Hossain","Rokhsana Yeasmin",0,"Missed call (Audio)"
